{"cameraMode":{"drawMode":0,"name":"Shaded","section":"Shading Mode"},"sceneLighting":true,"audioPlay":false,"sceneViewState":{"showFog":true,"showMaterialUpdate":false,"showSkybox":true,"showFlares":true,"showImageEffects":true,"showParticleSystems":true},"in2DMode":false,"pivot":{"x":-24.253286361694337,"y":19.225080490112306,"z":40.260623931884769},"rotation":{"x":-0.22336432337760926,"y":-0.7159799337387085,"z":0.2636356055736542,"w":-0.6066114902496338},"size":32.11824035644531,"orthographic":false}