{"cameraMode":{"drawMode":0,"name":"Shaded","section":"Shading Mode"},"sceneLighting":true,"audioPlay":false,"sceneViewState":{"showFog":true,"showMaterialUpdate":false,"showSkybox":true,"showFlares":true,"showImageEffects":true,"showParticleSystems":true},"in2DMode":false,"pivot":{"x":-4.085019111633301,"y":3.9885740280151369,"z":33.8980712890625},"rotation":{"x":0.06997029483318329,"y":0.14788824319839478,"z":-0.010490186512470246,"w":0.986470103263855},"size":11.04359245300293,"orthographic":false}